,family,envios,ventas,devoluciones
15,trench,109880,34714,75166
2,coat,197338,69778,127560
1,cardigan,1514383,654192,860191
16,tshirt,1933330,797982,1135348
10,shirt,2191488,913182,1278306
5,jacket,2574149,988888,1585261
13,sweater,2536878,1074829,1462049
14,top,2515946,1103393,1412553
